1.CREATE DATABASE MEDICAPS;

2.USE MEDICAPS;

3.CREATE TABLE FACULTY(FID CHAR(3) PRIMARY KEY, FNAME VARCHAR(50) NOT NULL);

4.INSERT INTO FACULTY VALUES
('F01','Engineering'),
('F02','Law'),
('F03','Management Studies'),
('F04','Pharmacy'),
('F05','Agriculture'),
('F06','Arts and Humanities'),
('F07','Commerce'),
('F08','Science');

5.SELECT * FROM FACULTY;

6.CREATE TABLE DEPT(FID CHAR(3) NOT NULL,DEPTID CHAR(3) PRIMARY KEY,DEPTNAME VARCHAR(30) NOT NULL,FOREIGN KEY(FID) REFERENCES FACULTY(FID));

7.INSERT INTO DEPT VALUES
('F01','D01','CIVIL'),
('F01','D02','COMPUTER SCIENCE AND ENGINEERING'),
('F01','D03','ELECTRICAL'),
('F01','D04','ELECTRONICS'),
('F01','D05','INFORMATION TECHNOLOGY'),
('F01','D06','MECHANICAL'),
('F02','D07','LAW'),
('F03','D08','MANAGEMENT'),
('F04','D09','PHARMACY'),
('F05','D10','AGRICULTURE');
('F06','D11','LANGUAGE'),
('F07','D12','COMMERCE'),
('F08','D13','BIOTECHNOLOGY'),
('F08','D14','CHEMISTRY'),
('F08','D15','COMPUTER APPLICATION'),
('F08','D16','COMPUTER SCIENCE'),
('F08','D17','FORENSIC SCIENCE'),
('F08','D18','MATHEMATICS'),
('F08','D19','PHYSICS');

8.SELECT * FROM DEPT;

9.CREATE TABLE EMPLOYEE (FID CHAR(3), DEPTID CHAR(3),EMPID CHAR(3) PRIMARY KEY,EMPNAME VARCHAR(50) NOT NULL,DESIGNATION VARCHAR(50) NOT NULL,PASSWORD VARCHAR(50) NOT NULL,EMAIL VARCHAR(50) UNIQUE NOT NULL,MOBILENO BIGINT  UNIQUE NOT NULL,FOREIGN KEY(FID) REFERENCES FACULTY(FID),FOREIGN KEY(DEPTID) REFERENCES DEPT(DEPTID));

10.INSERT INTO EMPLOYEE VALUES
('F01','D01','E01','A','ASSISTANT PROFESSOR','1','A@XYZ.COM',1234567890),
('F01','D01','E02','B','ASSISTANT PROFESSOR','12','B@XYZ.COM',2134567890),('F01','D01','E03','C','PROFESSOR','123','C@GMAIL.COM',3124567890),
('F01','D01','E04','D','PROFESSOR','120','D@XYZ.COM',2134067890),
('F01','D01','E05','E','HOD','12','E@XYZ.COM',2134567870),
('F01','D01','E06','F','DEAN','2','F@XYZ.COM',7134567890),
('F01','D02','E07','G','ASSISTANT PROFESSOR','12','G@XYZ.COM',2178567890),
('F01','D02','E08','H','ASSISTANT PROFESSOR','78','H@XYZ.COM',718567890),
('F01','D02','E09','I','PROFESSOR','8','I@XYZ.COM',718564890),
('F01','D02','E10','J','PROFESSOR','478','J@XYZ.COM',718267890),
('F01','D02','E11','K','HOD','58','K@XYZ.COM',7184562290),
('F01','D02','E12','L','DEAN','1238','L@XYZ.COM',7112302290),

('F01','D03','E13','M','ASSISTANT PROFESSOR','458','M@XYZ.COM',7180002290),
('F01','D03','E14','N','ASSISTANT PROFESSOR','456','N@XYZ.COM',7184562200),
('F01','D03','E15','O','PROFESSOR','45628','O@XYZ.COM',7184562390),
('F01','D03','E16','AD','PROFESSOR','45629','AD@XYZ.COM',3384562390),
('F01','D03','E17','P','HOD','1118','P@XYZ.COM',7112362290),
('F01','D03','E18','Q','DEAN','5893','Q@XYZ.COM',7184500090),

('F01','D04','E19','R','ASSISTANT PROFESSOR','4569','R@XYZ.COM',7123552290),
('F01','D04','E20','S','ASSISTANT PROFESSOR','1000','S@XYZ.COM',7180062290),
('F01','D04','E21','T','PROFESSOR','666','T@XYZ.COM',7184500290),
('F01','D04','E22','U','PROFESSOR','7555','U@XYZ.COM',7184000090),
('F01','D04','E23','V','HOD','0004','V@XYZ.COM',7044562290),
('F01','D04','E24','W','DEAN','3338','W@XYZ.COM',7184563310),

('F01','D05','E25','X','ASSISTANT PROFESSOR','777','X@XYZ.COM',7120562290),
('F01','D05','E26','Y','ASSISTANT PROFESSOR','5008','Y@XYZ.COM',3184562290),
('F01','D05','E27','Z','PROFESSOR','5338','Z@XYZ.COM',7184062690),
('F01','D05','E28','AA','PROFESSOR','5004','AA@XYZ.COM',7184562780),
('F01','D05','E29','AB','HOD','2004','AB@XYZ.COM',7404562780),
('F01','D05','E30','AC','DEAN','5004','AC@XYZ.COM',7184572780),

('F01','D06','E31','AE','ASSISTANT PROFESSOR','9004','AE@XYZ.COM',7189962780),
('F01','D06','E32','AF','ASSISTANT PROFESSOR','45028','AF@XYZ.COM',7184562360),
('F01','D06','E33','AG','PROFESSOR','4000','AG@XYZ.COM',0384562390),
('F01','D06','E34','AH','PROFESSOR','423628','AH@XYZ.COM',7184533390),
('F01','D06','E35','AI','HOD','003628','AI@XYZ.COM',7184532390),
('F01','D06','E36','AJ','DEAN','93628','AJ@XYZ.COM',8884533390),

('F02','D07','E37','AK','ASSISTANT PROFESSOR','4200628','AK@XYZ.COM',7184533320),
('F02','D07','E38','AL','ASSISTANT PROFESSOR','4123628','AL@XYZ.COM',1184533390),
('F02','D07','E39','AM','PROFESSOR','4121628','AM@XYZ.COM',1184532390),
('F02','D07','E40','AN','PROFESSOR','0123628','AN@XYZ.COM',1184573390),
('F02','D07','E41','AO','HOD','3123628','AO@XYZ.COM',1084533390),
('F02','D07','E42','AP','DEAN','4125628','AP@XYZ.COM',1384533390),

('F03','D08','E43','AQ','ASSISTANT PROFESSOR','4123620','AQ@XYZ.COM',1004533390),
('F03','D08','E44','AR','ASSISTANT PROFESSOR','4123668','AR@XYZ.COM',1184544390),
('F03','D08','E45','AS','PROFESSOR','823628','AS@XYZ.COM',7784533390),
('F03','D08','E46','AT','PROFESSOR','41663628','AT@XYZ.COM',1184537390),
('F03','D08','E47','AU','HOD','4155628','AU@XYZ.COM',1384538390),
('F03','D08','E48','AV','DEAN','4185628','AV@XYZ.COM',1333033390),

('F04','D09','E49','MOW','ASSISTANT PROFESSOR','6321','MOW@XYZ.COM',5248389487),('F04','D09','E50','ASHY','ASSISTANT PROFESSOR','8090','ASHY@XYZ.COM',4216565977),('F04','D09','E51','JKL', 'PROFESSOR','6327','JKL@XYZ.COM',7835593365),('F04','D09','E52','HUT','PROFESSOR','3242','HUT@XYZ.COM',2136793081),('F04','D09','E53','HYT','HOD','7635','HYT@XYZ.COM',3768413905),('F04','D09','E54','YUVI','DEAN','7362','YUVI@XYZ.COM',5345794698),

('F05','D10','E55','VCT','ASSISTANT PROFESSOR','6854','VCT@XYZ.COM',2108333486),('F05','D10','E56','MLN','ASSISTANT PROFESSOR','6987','MLN@XYZ.COM',2276533976),('F05','D10','E57','MUT', 'PROFESSOR','3241','MUT@XYZ.COM',5435493365),('F05','D10','E58','ECV','PROFESSOR','8763','ECV@XYZ.COM',2148793901),('F05','D10','E59','MUN','HOD','8234','MUN@XYZ.COM',6328653351),
('F05','D10','E60','TUTU','DEAN','2342','TUTU@XYZ.COM',5245794698),

('F06','D11','E61','KOS','ASSISTANT PROFESSOR','332','KOS@XYZ.COM',6358390481),('F06','D11','E62','JAH','ASSISTANT PROFESSOR','8713','JAH@XYZ.COM',6436543762),('F06','D11','E63','OPL', 'PROFESSOR','2342','OPL@XYZ.COM',1465673389),('F06','D11','E64','WRC','PROFESSOR','542','WRC@XYZ.COM',7856493101),('F06','D11','E65','ASU','HOD','2341','ASU@XYZ.COM',5528653490),
('F06','D11','E66','QER','DEAN','6834','QER@XYZ.COM',9315794452),

('F07','D12','E67','YUV','ASSISTANT PROFESSOR','762','YUV@XYZ.COM',6068323287),('F07','D12','E68','KLM','ASSISTANT PROFESSOR','670','KLM@XYZ.COM',5676543989),('F07','D12','E69','GHB', 'PROFESSOR','87654','GHB@XYZ.COM',1265593375),('F07','D12','E70','UB','PROFESSOR','237','UB@XYZ.COM',1536642101),('F07','D12','E71','NX','HOD','908','NX@XYZ.COM',3527153442),
('F07','D12','E72','EX','DEAN','441','EX@XYZ.COM',4365794698),

('F08','D13','E73','YB','ASSISTANT PROFESSOR','214','YB@XYZ.COM',5618423477),('F08','D13','E74','KD','ASSISTANT PROFESSOR','890','KD@XYZ.COM',6511343977),('F08','D13','E75','KBA', 'PROFESSOR','786','KBA@XYZ.COM',7864393365),('F08','D13','E76','VCA','PROFESSOR','780','VCA@XYZ.COM',3636753111),('F08','D13','E77','OS','HOD','564','OS@XYZ.COM',4428652476),
('F08','D13','E78','ASH','DEAN','560','ASH@XYZ.COM',9565894694),

('F08','D14','E79','po','ASSISTANT PROFESSOR','873','po@XYZ.COM',3418323487),('F08','D14','E80','SD','ASSISTANT PROFESSOR','900','SD@XYZ.COM',2316543977),('F08','D14','E81','NB', 'PROFESSOR','671','NB@XYZ.COM',1265093375),('F08','D14','E82','TT','PROFESSOR','937','TT@XYZ.COM',5436793101),('F08','D14','E83','IW','HOD','764','IW@XYZ.COM',3428653475),
('F08','D14','E84','SH','DEAN','553','SH@XYZ.COM',9665794698),

('F08','D15','E85','QE','ASSISTANT PROFESSOR','321','QE@XYZ.COM',8678754476),('F08','D15','E86','BI','ASSISTANT PROFESSOR','659','BI@XYZ.COM',2166763217),('F08','D15','E87','VJ', 'PROFESSOR','653','VJ@XYZ.COM',4578793905),('F08','D15','E88','IU','PROFESSOR','547','IU@XYZ.COM',6590794301),('F08','D15','E89','TI','HOD','876','TI@XYZ.COM',2179893475),
('F08','D15','E90','QW','DEAN','342','QW@XYZ.COM',7543293612),

('F08','D16','E91','IP','ASSISTANT PROFESSOR','188','IP@XYZ.COM',9078793657),('F08','D16','E92','DH','ASSISTANT PROFESSOR','913','DH@XYZ.COM',8591243217),('F08','D16','E93','JF', 'PROFESSOR','456','JF@XYZ.COM',8178798475),('F08','D16','E94','JAFA','PROFESSOR','656','JAFA@XYZ.COM',3255693401),('F08','D16','E95','WA','HOD','763','WA@XYZ.COM',5679093475),
('F08','D16','E96','BV','DEAN','541','BV@XYZ.COM',9965790695),

('F08','D17','E97','YH','ASSISTANT PROFESSOR','561','YH@XYZ.COM',7768673485),('F08','D17','E98','KI','ASSISTANT PROFESSOR','964','KI@XYZ.COM',3478549817),('F08','D17','E99','OO', 'PROFESSOR','811','OO@XYZ.COM',12565793475),('F08','D17','E100','PY','PROFESSOR','834','PY@XYZ.COM',1846799489),('F08','D17','E101','WE','HOD','880','EE@XYZ.COM',2378533475),
('F08','D17','E102','OI','DEAN','656','OI@XYZ.COM',1277297695),

('F08','D18','E103','NN','ASSISTANT PROFESSOR','761','NK@XYZ.COM',8878793487),('F08','D18','E104','PK','ASSISTANT PROFESSOR','897','PK@XYZ.COM',8766543217),('F08','D18','E105','HH', 'PROFESSOR','712','HH@XYZ.COM',5645793475),('F08','D18','E106','JJ','PROFESSOR','957','JJ@XYZ.COM',1856793401),('F08','D18','E107','II','HOD','988','II@XYZ.COM',7878793475),
('F08','D18','E108','WW','DEAN','897','WW@XYZ.COM',8165793695),

('F08','D19','E109','KK','ASSISTANT PROFESSOR','657','KK@XYZ.COM',7878790475),('F08','D19','E110','JK','ASSISTANT PROFESSOR','679','JK@XYZ.COM',7890765432),('F08','D19','E111','LK', 'PROFESSOR','898','LK@XYZ.COM',7870793908),('F08','D19','E112','HK','PROFESSOR','765','HK@XYZ.COM',8778793423),('F08','D19','E113','DK','HOD','654','DK@XYZ.COM',8778693112),('F08','D19','E114','MK','DEAN','789','MK@XYZ.COM',6565657845),

(NULL,NULL,'E115','RTG','PROVC','123','RTG@XYZ.COM',455555555),
(NULL,NULL,'E116','RPG','OSD','123','RPG@XYZ.COM',450555555),
(NULL,NULL,'E117','RYG','VC','123','RYG@XYZ.COM',450555855);
11.CREATE TABLE NOTESHEET(NOTEID INTEGER PRIMARY KEY AUTO_INCREMENT,FID CHAR(3),DEPTID CHAR(3),EMPID CHAR(3),SUBJECT VARCHAR(4000) NOT NULL,DETAILS VARCHAR(4000) NOT NULL,DATE DATE NOT NULL,TIME TIME NOT NULL,FOREIGN KEY(FID) REFERENCES FACULTY(FID),FOREIGN KEY(DEPTID) REFERENCES DEPT(DEPTID),FOREIGN KEY(EMPID) REFERENCES EMPLOYEE(EMPID));

12.INSERT INTO NOTESHEET(FID,DEPTID,EMPID,SUBJECT,DETAILS,DATE,TIME) VALUES('F01','D01','E01','DUMMY1','DUMMY',CURDATE(),CURTIME());


13. CREATE TABLE APPROVED(SNO INTEGER PRIMARY KEY AUTO_INCREMENT,NOTEID INTEGER NOT NULL,APROVEDBY CHAR(3) NOT NULL,DATE DATE NOT NULL,TIME TIME NOT NULL);

14. INSERT INTO APPROVED(NOTEID,APROVEDBY,DATE,TIME) VALUES(1,'E05',CURDATE(),CURTIME()),(1,'E06',CURDATE(),CURTIME()),(1,'E115',CURDATE(),CURTIME()),(1,'E116',CURDATE(),CURTIME()),(1,'E117',CURDATE(),CURTIME());

FACULTY 
FID- char(3) primary key
FNAME-varchar(50)

DEPT
FID- char(3) foreign key
DEPTID- char(3) primary key
DEPTNAME- varchar(50) not null

EMPLOYEE
FID-char(3) foreign key
DEPTID- char(3) foreign key
EMPID- char(3) primary key
EMPNAME- varchar(50) not null
EMAIL- varchar(50) not null
MOBILE- integer NOT NULL
designation- varchar(50) not null
password-varchar(50) not null

NOTESHEET
noteid- integer primary key
FID-char(3) foreign key
DEPTID- char(3) foreign key
EMPID- char(3) foreign key
subject- varchar(4000) not null
details- varchar(4000) not null
dateandtime- datetime
remarks- varchar(4000) not null
APPROVEDBYHOD VARCHAR(50)
APPROVEDBYDEAN VARCHAR(50)
APPROVEDBYPVC VARCHAR(50)
APPROVEDBYOSD VARCHAR(50)
APPROVEDBYVC VARCHAR(50)


SELECT NOTEID FROM NOTESHEET N, APPROVED A WHERE A.NOTEID=N.NOTEID;



STATUS QUERY: SELECT A.NOTEID,A.APROVEDBY,E.DESIGNATION,
CASE
WHEN E.DESIGNATION='HOD' THEN 'PENDING'
WHEN E.DESIGNATION='DEAN' THEN 'PENDING'
WHEN E.DESIGNATION='PROVC' THEN 'PENDING'
WHEN E.DESIGNATION='OSD' THEN 'PENDING'
WHEN E.DESIGNATION='VC' THEN 'APPROVED'
END
AS STATUS FROM APPROVED A,EMPLOYEE E WHERE E.EMPID=A.APROVEDBY;


SELECT A.NOTEID,A.APROVEDBY,E.DESIGNATION,CASE WHEN E.DESIGNATION='HOD' THEN 'PENDING' WHEN E.DESIGNATION='DEAN' THEN 'PENDING' WHEN E.DESIGNATION='PROVC' THEN 'PENDING' WHEN E.DESIGNATION='OSD' THEN 'PENDING' WHEN E.DESIGNATION='VC' THEN 'APPROVED' END AS STATUS FROM APPROVED A,EMPLOYEE E WHERE E.EMPID=A.APROVEDBY;
